,ME,MAE,RMSE,R2
prev,-0.010130448525292095,1.1939739158053273,1.9963693305745163,0.9804503895586727
calb,-0.44494195591275826,1.1474068012098146,1.9786794245414905,0.980795314274234
